Address                                            ,latitude           ,longitude           ,casino_control_counties,Tribe Name                                                                            ,TribeDividend,SeatsSlots ,Open_Date ,SquareFeetGaming ,RenovationDate ,Revenue_FY23   ,Cost,ID,State,Casino_Name
N277 WI-47 Keshena WI 54135                        ,44.8635711,-88.628571,55125,Menominee Indian Tribe of Wisconsin                                                   ,,850,1987,           33000 ,          2023 ,50.3990878, 360000000,465,WI,Menominee Casino Resort
N277 WI-47 Keshena WI 54135                        ,44.8635711,-88.628571,55041,Menominee Indian Tribe of Wisconsin                                                   ,,850,1987,           33000 ,          2023 ,50.3990878, 360000000,465,WI,Menominee Casino Resort
N277 WI-47 Keshena WI 54135                        ,44.8635711,-88.628571,55057,Menominee Indian Tribe of Wisconsin                                                   ,,850,1987,           33000 ,          2023 ,50.3990878, 360000000,465,WI,Menominee Casino Resort
N277 WI-47 Keshena WI 54135                        ,44.8635711,-88.628571,55047,Menominee Indian Tribe of Wisconsin                                                   ,,850,1987,           33000 ,          2023 ,50.3990878, 360000000,465,WI,Menominee Casino Resort
N277 WI-47 Keshena WI 54135                        ,44.8635711,-88.628571,55027,Menominee Indian Tribe of Wisconsin                                                   ,,850,1987,           33000 ,          2023 ,50.3990878, 360000000,465,WI,Menominee Casino Resort
N277 WI-47 Keshena WI 54135                        ,44.8635711,-88.628571,55015,Menominee Indian Tribe of Wisconsin                                                   ,,850,1987,           33000 ,          2023 ,50.3990878, 360000000,465,WI,Menominee Casino Resort
N277 WI-47 Keshena WI 54135                        ,44.8635711,-88.628571,26071,Menominee Indian Tribe of Wisconsin                                                   ,,850,1987,           33000 ,          2023 ,50.3990878, 360000000,465,WI,Menominee Casino Resort
N277 WI-47 Keshena WI 54135                        ,44.8635711,-88.628571,55071,Menominee Indian Tribe of Wisconsin                                                   ,,850,1987,           33000 ,          2023 ,50.3990878, 360000000,465,WI,Menominee Casino Resort
N277 WI-47 Keshena WI 54135                        ,44.8635711,-88.628571,55117,Menominee Indian Tribe of Wisconsin                                                   ,,850,1987,           33000 ,          2023 ,50.3990878, 360000000,465,WI,Menominee Casino Resort
N277 WI-47 Keshena WI 54135                        ,44.8635711,-88.628571,55131,Menominee Indian Tribe of Wisconsin                                                   ,,850,1987,           33000 ,          2023 ,50.3990878, 360000000,465,WI,Menominee Casino Resort
N277 WI-47 Keshena WI 54135                        ,44.8635711,-88.628571,55077,Menominee Indian Tribe of Wisconsin                                                   ,,850,1987,           33000 ,          2023 ,50.3990878, 360000000,465,WI,Menominee Casino Resort
BIA Rte 1016 Keshena WI 54135                      ,44.903368,-88.6022002,26053,Menominee Indian Tribe of Wisconsin                                                   ,,27,1995,                 ,               ,1.600912201,          ,466,WI,Thunderbird C Store
BIA Rte 1016 Keshena WI 54135                      ,44.903368,-88.6022002,55039,Menominee Indian Tribe of Wisconsin                                                   ,,27,1995,                 ,               ,1.600912201,          ,466,WI,Thunderbird C Store
BIA Rte 1016 Keshena WI 54135                      ,44.903368,-88.6022002,55061,Menominee Indian Tribe of Wisconsin                                                   ,,27,1995,                 ,               ,1.600912201,          ,466,WI,Thunderbird C Store
BIA Rte 1016 Keshena WI 54135                      ,44.903368,-88.6022002,55069,Menominee Indian Tribe of Wisconsin                                                   ,,27,1995,                 ,               ,1.600912201,          ,466,WI,Thunderbird C Store
BIA Rte 1016 Keshena WI 54135                      ,44.903368,-88.6022002,55141,Menominee Indian Tribe of Wisconsin                                                   ,,27,1995,                 ,               ,1.600912201,          ,466,WI,Thunderbird C Store
BIA Rte 1016 Keshena WI 54135                      ,44.903368,-88.6022002,55137,Menominee Indian Tribe of Wisconsin                                                   ,,27,1995,                 ,               ,1.600912201,          ,466,WI,Thunderbird C Store
BIA Rte 1016 Keshena WI 54135                      ,44.903368,-88.6022002,26043,Menominee Indian Tribe of Wisconsin                                                   ,,27,1995,                 ,               ,1.600912201,          ,466,WI,Thunderbird C Store
BIA Rte 1016 Keshena WI 54135                      ,44.903368,-88.6022002,55001,Menominee Indian Tribe of Wisconsin                                                   ,,27,1995,                 ,               ,1.600912201,          ,466,WI,Thunderbird C Store
BIA Rte 1016 Keshena WI 54135                      ,44.903368,-88.6022002,55077,Menominee Indian Tribe of Wisconsin                                                   ,,27,1995,                 ,               ,1.600912201,          ,466,WI,Thunderbird C Store
BIA Rte 1016 Keshena WI 54135                      ,44.903368,-88.6022002,55085,Menominee Indian Tribe of Wisconsin                                                   ,,27,1995,                 ,               ,1.600912201,          ,466,WI,Thunderbird C Store
BIA Rte 1016 Keshena WI 54135                      ,44.903368,-88.6022002,55037,Menominee Indian Tribe of Wisconsin                                                   ,,27,1995,                 ,               ,1.600912201,          ,466,WI,Thunderbird C Store
BIA Rte 1016 Keshena WI 54135                      ,44.903368,-88.6022002,26041,Menominee Indian Tribe of Wisconsin                                                   ,,27,1995,                 ,               ,1.600912201,          ,466,WI,Thunderbird C Store
BIA Rte 1016 Keshena WI 54135                      ,44.903368,-88.6022002,55021,Menominee Indian Tribe of Wisconsin                                                   ,,27,1995,                 ,               ,1.600912201,          ,466,WI,Thunderbird C Store
BIA Rte 1016 Keshena WI 54135                      ,44.903368,-88.6022002,55097,Menominee Indian Tribe of Wisconsin                                                   ,,27,1995,                 ,               ,1.600912201,          ,466,WI,Thunderbird C Store
BIA Rte 1016 Keshena WI 54135                      ,44.903368,-88.6022002,55139,Menominee Indian Tribe of Wisconsin                                                   ,,27,1995,                 ,               ,1.600912201,          ,466,WI,Thunderbird C Store
BIA Rte 1016 Keshena WI 54135                      ,44.903368,-88.6022002,55029,Menominee Indian Tribe of Wisconsin                                                   ,,27,1995,                 ,               ,1.600912201,          ,466,WI,Thunderbird C Store
BIA Rte 1016 Keshena WI 54135                      ,44.903368,-88.6022002,26109,Menominee Indian Tribe of Wisconsin                                                   ,,27,1995,                 ,               ,1.600912201,          ,466,WI,Thunderbird C Store
BIA Rte 1016 Keshena WI 54135                      ,44.903368,-88.6022002,55125,Menominee Indian Tribe of Wisconsin                                                   ,,27,1995,                 ,               ,1.600912201,          ,466,WI,Thunderbird C Store
BIA Rte 1016 Keshena WI 54135                      ,44.903368,-88.6022002,55041,Menominee Indian Tribe of Wisconsin                                                   ,,27,1995,                 ,               ,1.600912201,          ,466,WI,Thunderbird C Store
BIA Rte 1016 Keshena WI 54135                      ,44.903368,-88.6022002,55047,Menominee Indian Tribe of Wisconsin                                                   ,,27,1995,                 ,               ,1.600912201,          ,466,WI,Thunderbird C Store
BIA Rte 1016 Keshena WI 54135                      ,44.903368,-88.6022002,55027,Menominee Indian Tribe of Wisconsin                                                   ,,27,1995,                 ,               ,1.600912201,          ,466,WI,Thunderbird C Store
BIA Rte 1016 Keshena WI 54135                      ,44.903368,-88.6022002,55015,Menominee Indian Tribe of Wisconsin                                                   ,,27,1995,                 ,               ,1.600912201,          ,466,WI,Thunderbird C Store
BIA Rte 1016 Keshena WI 54135                      ,44.903368,-88.6022002,26071,Menominee Indian Tribe of Wisconsin                                                   ,,27,1995,                 ,               ,1.600912201,          ,466,WI,Thunderbird C Store
BIA Rte 1016 Keshena WI 54135                      ,44.903368,-88.6022002,55071,Menominee Indian Tribe of Wisconsin                                                   ,,27,1995,                 ,               ,1.600912201,          ,466,WI,Thunderbird C Store
BIA Rte 1016 Keshena WI 54135                      ,44.903368,-88.6022002,26103,Menominee Indian Tribe of Wisconsin                                                   ,,27,1995,                 ,               ,1.600912201,          ,466,WI,Thunderbird C Store
BIA Rte 1016 Keshena WI 54135                      ,44.903368,-88.6022002,55117,Menominee Indian Tribe of Wisconsin                                                   ,,27,1995,                 ,               ,1.600912201,          ,466,WI,Thunderbird C Store
BIA Rte 1016 Keshena WI 54135                      ,44.903368,-88.6022002,55131,Menominee Indian Tribe of Wisconsin                                                   ,,27,1995,                 ,               ,1.600912201,          ,466,WI,Thunderbird C Store
BIA Rte 1016 Keshena WI 54135                      ,44.903368,-88.6022002,55073,Menominee Indian Tribe of Wisconsin                                                   ,,27,1995,                 ,               ,1.600912201,          ,466,WI,Thunderbird C Store
Pulaski WI 54162                                   ,44.6722158,-88.2426026,55039,Oneida Tribe of Indians of Wisconsin                                                  ,3500.0,110,1987,           23060 ,          2016 ,22.1182266,          ,467,WI,Oneida Travel Center
Pulaski WI 54162                                   ,44.6722158,-88.2426026,55061,Oneida Tribe of Indians of Wisconsin                                                  ,3500.0,110,1987,           23060 ,          2016 ,22.1182266,          ,467,WI,Oneida Travel Center
Pulaski WI 54162                                   ,44.6722158,-88.2426026,55069,Oneida Tribe of Indians of Wisconsin                                                  ,3500.0,110,1987,           23060 ,          2016 ,22.1182266,          ,467,WI,Oneida Travel Center
Pulaski WI 54162                                   ,44.6722158,-88.2426026,55137,Oneida Tribe of Indians of Wisconsin                                                  ,3500.0,110,1987,           23060 ,          2016 ,22.1182266,          ,467,WI,Oneida Travel Center
Pulaski WI 54162                                   ,44.6722158,-88.2426026,26043,Oneida Tribe of Indians of Wisconsin                                                  ,3500.0,110,1987,           23060 ,          2016 ,22.1182266,          ,467,WI,Oneida Travel Center
Pulaski WI 54162                                   ,44.6722158,-88.2426026,55001,Oneida Tribe of Indians of Wisconsin                                                  ,3500.0,110,1987,           23060 ,          2016 ,22.1182266,          ,467,WI,Oneida Travel Center
Pulaski WI 54162                                   ,44.6722158,-88.2426026,55073,Oneida Tribe of Indians of Wisconsin                                                  ,3500.0,110,1987,           23060 ,          2016 ,22.1182266,          ,467,WI,Oneida Travel Center
Pulaski WI 54162                                   ,44.6722158,-88.2426026,55085,Oneida Tribe of Indians of Wisconsin                                                  ,3500.0,110,1987,           23060 ,          2016 ,22.1182266,          ,467,WI,Oneida Travel Center
Pulaski WI 54162                                   ,44.6722158,-88.2426026,55037,Oneida Tribe of Indians of Wisconsin                                                  ,3500.0,110,1987,           23060 ,          2016 ,22.1182266,          ,467,WI,Oneida Travel Center
Pulaski WI 54162                                   ,44.6722158,-88.2426026,26041,Oneida Tribe of Indians of Wisconsin                                                  ,3500.0,110,1987,           23060 ,          2016 ,22.1182266,          ,467,WI,Oneida Travel Center
Pulaski WI 54162                                   ,44.6722158,-88.2426026,55021,Oneida Tribe of Indians of Wisconsin                                                  ,3500.0,110,1987,           23060 ,          2016 ,22.1182266,          ,467,WI,Oneida Travel Center
Pulaski WI 54162                                   ,44.6722158,-88.2426026,55097,Oneida Tribe of Indians of Wisconsin                                                  ,3500.0,110,1987,           23060 ,          2016 ,22.1182266,          ,467,WI,Oneida Travel Center
Pulaski WI 54162                                   ,44.6722158,-88.2426026,55139,Oneida Tribe of Indians of Wisconsin                                                  ,3500.0,110,1987,           23060 ,          2016 ,22.1182266,          ,467,WI,Oneida Travel Center
Pulaski WI 54162                                   ,44.6722158,-88.2426026,55089,Oneida Tribe of Indians of Wisconsin                                                  ,3500.0,110,1987,           23060 ,          2016 ,22.1182266,          ,467,WI,Oneida Travel Center
Pulaski WI 54162                                   ,44.6722158,-88.2426026,55029,Oneida Tribe of Indians of Wisconsin                                                  ,3500.0,110,1987,           23060 ,          2016 ,22.1182266,          ,467,WI,Oneida Travel Center
Pulaski WI 54162                                   ,44.6722158,-88.2426026,26109,Oneida Tribe of Indians of Wisconsin                                                  ,3500.0,110,1987,           23060 ,          2016 ,22.1182266,          ,467,WI,Oneida Travel Center
Pulaski WI 54162                                   ,44.6722158,-88.2426026,55041,Oneida Tribe of Indians of Wisconsin                                                  ,3500.0,110,1987,           23060 ,          2016 ,22.1182266,          ,467,WI,Oneida Travel Center
Pulaski WI 54162                                   ,44.6722158,-88.2426026,55047,Oneida Tribe of Indians of Wisconsin                                                  ,3500.0,110,1987,           23060 ,          2016 ,22.1182266,          ,467,WI,Oneida Travel Center
Pulaski WI 54162                                   ,44.6722158,-88.2426026,55027,Oneida Tribe of Indians of Wisconsin                                                  ,3500.0,110,1987,           23060 ,          2016 ,22.1182266,          ,467,WI,Oneida Travel Center
Pulaski WI 54162                                   ,44.6722158,-88.2426026,55067,Oneida Tribe of Indians of Wisconsin                                                  ,3500.0,110,1987,           23060 ,          2016 ,22.1182266,          ,467,WI,Oneida Travel Center
Pulaski WI 54162                                   ,44.6722158,-88.2426026,26071,Oneida Tribe of Indians of Wisconsin                                                  ,3500.0,110,1987,           23060 ,          2016 ,22.1182266,          ,467,WI,Oneida Travel Center
Pulaski WI 54162                                   ,44.6722158,-88.2426026,55071,Oneida Tribe of Indians of Wisconsin                                                  ,3500.0,110,1987,           23060 ,          2016 ,22.1182266,          ,467,WI,Oneida Travel Center
Pulaski WI 54162                                   ,44.6722158,-88.2426026,55117,Oneida Tribe of Indians of Wisconsin                                                  ,3500.0,110,1987,           23060 ,          2016 ,22.1182266,          ,467,WI,Oneida Travel Center
Pulaski WI 54162                                   ,44.6722158,-88.2426026,55131,Oneida Tribe of Indians of Wisconsin                                                  ,3500.0,110,1987,           23060 ,          2016 ,22.1182266,          ,467,WI,Oneida Travel Center
Pulaski WI 54162                                   ,44.6722158,-88.2426026,55077,Oneida Tribe of Indians of Wisconsin                                                  ,3500.0,110,1987,           23060 ,          2016 ,22.1182266,          ,467,WI,Oneida Travel Center
2020 Airport Drive Green Bay WI                    ,44.49593,-88.13020016374891,55039,Oneida Tribe of Indians of Wisconsin                                                  ,3500.0,850,1993,          136000 ,          2013 ,170.9135692,  33000000,468,WI,Oneida Bingo & Casino
2020 Airport Drive Green Bay WI                    ,44.49593,-88.13020016374891,55069,Oneida Tribe of Indians of Wisconsin                                                  ,3500.0,850,1993,          136000 ,          2013 ,170.9135692,  33000000,468,WI,Oneida Bingo & Casino
2020 Airport Drive Green Bay WI                    ,44.49593,-88.13020016374891,55137,Oneida Tribe of Indians of Wisconsin                                                  ,3500.0,850,1993,          136000 ,          2013 ,170.9135692,  33000000,468,WI,Oneida Bingo & Casino
2020 Airport Drive Green Bay WI                    ,44.49593,-88.13020016374891,26043,Oneida Tribe of Indians of Wisconsin                                                  ,3500.0,850,1993,          136000 ,          2013 ,170.9135692,  33000000,468,WI,Oneida Bingo & Casino
2020 Airport Drive Green Bay WI                    ,44.49593,-88.13020016374891,55073,Oneida Tribe of Indians of Wisconsin                                                  ,3500.0,850,1993,          136000 ,          2013 ,170.9135692,  33000000,468,WI,Oneida Bingo & Casino
2020 Airport Drive Green Bay WI                    ,44.49593,-88.13020016374891,55135,Oneida Tribe of Indians of Wisconsin                                                  ,3500.0,850,1993,          136000 ,          2013 ,170.9135692,  33000000,468,WI,Oneida Bingo & Casino
2020 Airport Drive Green Bay WI                    ,44.49593,-88.13020016374891,55085,Oneida Tribe of Indians of Wisconsin                                                  ,3500.0,850,1993,          136000 ,          2013 ,170.9135692,  33000000,468,WI,Oneida Bingo & Casino
2020 Airport Drive Green Bay WI                    ,44.49593,-88.13020016374891,55037,Oneida Tribe of Indians of Wisconsin                                                  ,3500.0,850,1993,          136000 ,          2013 ,170.9135692,  33000000,468,WI,Oneida Bingo & Casino
2020 Airport Drive Green Bay WI                    ,44.49593,-88.13020016374891,26041,Oneida Tribe of Indians of Wisconsin                                                  ,3500.0,850,1993,          136000 ,          2013 ,170.9135692,  33000000,468,WI,Oneida Bingo & Casino
2020 Airport Drive Green Bay WI                    ,44.49593,-88.13020016374891,55075,Oneida Tribe of Indians of Wisconsin                                                  ,3500.0,850,1993,          136000 ,          2013 ,170.9135692,  33000000,468,WI,Oneida Bingo & Casino
2020 Airport Drive Green Bay WI                    ,44.49593,-88.13020016374891,55021,Oneida Tribe of Indians of Wisconsin                                                  ,3500.0,850,1993,          136000 ,          2013 ,170.9135692,  33000000,468,WI,Oneida Bingo & Casino
2020 Airport Drive Green Bay WI                    ,44.49593,-88.13020016374891,55097,Oneida Tribe of Indians of Wisconsin                                                  ,3500.0,850,1993,          136000 ,          2013 ,170.9135692,  33000000,468,WI,Oneida Bingo & Casino
2020 Airport Drive Green Bay WI                    ,44.49593,-88.13020016374891,55089,Oneida Tribe of Indians of Wisconsin                                                  ,3500.0,850,1993,          136000 ,          2013 ,170.9135692,  33000000,468,WI,Oneida Bingo & Casino
2020 Airport Drive Green Bay WI                    ,44.49593,-88.13020016374891,26109,Oneida Tribe of Indians of Wisconsin                                                  ,3500.0,850,1993,          136000 ,          2013 ,170.9135692,  33000000,468,WI,Oneida Bingo & Casino
2020 Airport Drive Green Bay WI                    ,44.49593,-88.13020016374891,55041,Oneida Tribe of Indians of Wisconsin                                                  ,3500.0,850,1993,          136000 ,          2013 ,170.9135692,  33000000,468,WI,Oneida Bingo & Casino
2020 Airport Drive Green Bay WI                    ,44.49593,-88.13020016374891,55047,Oneida Tribe of Indians of Wisconsin                                                  ,3500.0,850,1993,          136000 ,          2013 ,170.9135692,  33000000,468,WI,Oneida Bingo & Casino
2020 Airport Drive Green Bay WI                    ,44.49593,-88.13020016374891,55027,Oneida Tribe of Indians of Wisconsin                                                  ,3500.0,850,1993,          136000 ,          2013 ,170.9135692,  33000000,468,WI,Oneida Bingo & Casino
2020 Airport Drive Green Bay WI                    ,44.49593,-88.13020016374891,55067,Oneida Tribe of Indians of Wisconsin                                                  ,3500.0,850,1993,          136000 ,          2013 ,170.9135692,  33000000,468,WI,Oneida Bingo & Casino
2020 Airport Drive Green Bay WI                    ,44.49593,-88.13020016374891,55133,Oneida Tribe of Indians of Wisconsin                                                  ,3500.0,850,1993,          136000 ,          2013 ,170.9135692,  33000000,468,WI,Oneida Bingo & Casino
2020 Airport Drive Green Bay WI                    ,44.49593,-88.13020016374891,26071,Oneida Tribe of Indians of Wisconsin                                                  ,3500.0,850,1993,          136000 ,          2013 ,170.9135692,  33000000,468,WI,Oneida Bingo & Casino
2020 Airport Drive Green Bay WI                    ,44.49593,-88.13020016374891,55055,Oneida Tribe of Indians of Wisconsin                                                  ,3500.0,850,1993,          136000 ,          2013 ,170.9135692,  33000000,468,WI,Oneida Bingo & Casino
2020 Airport Drive Green Bay WI                    ,44.49593,-88.13020016374891,55079,Oneida Tribe of Indians of Wisconsin                                                  ,3500.0,850,1993,          136000 ,          2013 ,170.9135692,  33000000,468,WI,Oneida Bingo & Casino
2020 Airport Drive Green Bay WI                    ,44.49593,-88.13020016374891,55117,Oneida Tribe of Indians of Wisconsin                                                  ,3500.0,850,1993,          136000 ,          2013 ,170.9135692,  33000000,468,WI,Oneida Bingo & Casino
2020 Airport Drive Green Bay WI                    ,44.49593,-88.13020016374891,55131,Oneida Tribe of Indians of Wisconsin                                                  ,3500.0,850,1993,          136000 ,          2013 ,170.9135692,  33000000,468,WI,Oneida Bingo & Casino
2020 Airport Drive Green Bay WI                    ,44.49593,-88.13020016374891,55077,Oneida Tribe of Indians of Wisconsin                                                  ,3500.0,850,1993,          136000 ,          2013 ,170.9135692,  33000000,468,WI,Oneida Bingo & Casino
2020 Airport Drive Green Bay WI                    ,44.49593,-88.13020016374891,55078,Oneida Tribe of Indians of Wisconsin                                                  ,3500.0,850,1993,          136000 ,          2013 ,170.9135692,  33000000,468,WI,Oneida Bingo & Casino
3120 South Packerland Drive Green Bay WI           ,44.530021,-88.094613,55039,Oneida Tribe of Indians of Wisconsin                                                  ,3500.0,93,2007,           14905 ,               ,18.69995522,          ,469,WI,Oneida Packerland One Stop
3120 South Packerland Drive Green Bay WI           ,44.530021,-88.094613,55137,Oneida Tribe of Indians of Wisconsin                                                  ,3500.0,93,2007,           14905 ,               ,18.69995522,          ,469,WI,Oneida Packerland One Stop
3120 South Packerland Drive Green Bay WI           ,44.530021,-88.094613,26043,Oneida Tribe of Indians of Wisconsin                                                  ,3500.0,93,2007,           14905 ,               ,18.69995522,          ,469,WI,Oneida Packerland One Stop
3120 South Packerland Drive Green Bay WI           ,44.530021,-88.094613,55073,Oneida Tribe of Indians of Wisconsin                                                  ,3500.0,93,2007,           14905 ,               ,18.69995522,          ,469,WI,Oneida Packerland One Stop
3120 South Packerland Drive Green Bay WI           ,44.530021,-88.094613,55135,Oneida Tribe of Indians of Wisconsin                                                  ,3500.0,93,2007,           14905 ,               ,18.69995522,          ,469,WI,Oneida Packerland One Stop
3120 South Packerland Drive Green Bay WI           ,44.530021,-88.094613,55085,Oneida Tribe of Indians of Wisconsin                                                  ,3500.0,93,2007,           14905 ,               ,18.69995522,          ,469,WI,Oneida Packerland One Stop
3120 South Packerland Drive Green Bay WI           ,44.530021,-88.094613,55037,Oneida Tribe of Indians of Wisconsin                                                  ,3500.0,93,2007,           14905 ,               ,18.69995522,          ,469,WI,Oneida Packerland One Stop
3120 South Packerland Drive Green Bay WI           ,44.530021,-88.094613,26041,Oneida Tribe of Indians of Wisconsin                                                  ,3500.0,93,2007,           14905 ,               ,18.69995522,          ,469,WI,Oneida Packerland One Stop
3120 South Packerland Drive Green Bay WI           ,44.530021,-88.094613,55075,Oneida Tribe of Indians of Wisconsin                                                  ,3500.0,93,2007,           14905 ,               ,18.69995522,          ,469,WI,Oneida Packerland One Stop
3120 South Packerland Drive Green Bay WI           ,44.530021,-88.094613,55021,Oneida Tribe of Indians of Wisconsin                                                  ,3500.0,93,2007,           14905 ,               ,18.69995522,          ,469,WI,Oneida Packerland One Stop
3120 South Packerland Drive Green Bay WI           ,44.530021,-88.094613,55097,Oneida Tribe of Indians of Wisconsin                                                  ,3500.0,93,2007,           14905 ,               ,18.69995522,          ,469,WI,Oneida Packerland One Stop
3120 South Packerland Drive Green Bay WI           ,44.530021,-88.094613,55089,Oneida Tribe of Indians of Wisconsin                                                  ,3500.0,93,2007,           14905 ,               ,18.69995522,          ,469,WI,Oneida Packerland One Stop
3120 South Packerland Drive Green Bay WI           ,44.530021,-88.094613,26109,Oneida Tribe of Indians of Wisconsin                                                  ,3500.0,93,2007,           14905 ,               ,18.69995522,          ,469,WI,Oneida Packerland One Stop
3120 South Packerland Drive Green Bay WI           ,44.530021,-88.094613,55041,Oneida Tribe of Indians of Wisconsin                                                  ,3500.0,93,2007,           14905 ,               ,18.69995522,          ,469,WI,Oneida Packerland One Stop
3120 South Packerland Drive Green Bay WI           ,44.530021,-88.094613,55047,Oneida Tribe of Indians of Wisconsin                                                  ,3500.0,93,2007,           14905 ,               ,18.69995522,          ,469,WI,Oneida Packerland One Stop
3120 South Packerland Drive Green Bay WI           ,44.530021,-88.094613,55027,Oneida Tribe of Indians of Wisconsin                                                  ,3500.0,93,2007,           14905 ,               ,18.69995522,          ,469,WI,Oneida Packerland One Stop
3120 South Packerland Drive Green Bay WI           ,44.530021,-88.094613,55067,Oneida Tribe of Indians of Wisconsin                                                  ,3500.0,93,2007,           14905 ,               ,18.69995522,          ,469,WI,Oneida Packerland One Stop
3120 South Packerland Drive Green Bay WI           ,44.530021,-88.094613,55133,Oneida Tribe of Indians of Wisconsin                                                  ,3500.0,93,2007,           14905 ,               ,18.69995522,          ,469,WI,Oneida Packerland One Stop
3120 South Packerland Drive Green Bay WI           ,44.530021,-88.094613,26071,Oneida Tribe of Indians of Wisconsin                                                  ,3500.0,93,2007,           14905 ,               ,18.69995522,          ,469,WI,Oneida Packerland One Stop
3120 South Packerland Drive Green Bay WI           ,44.530021,-88.094613,55055,Oneida Tribe of Indians of Wisconsin                                                  ,3500.0,93,2007,           14905 ,               ,18.69995522,          ,469,WI,Oneida Packerland One Stop
3120 South Packerland Drive Green Bay WI           ,44.530021,-88.094613,55079,Oneida Tribe of Indians of Wisconsin                                                  ,3500.0,93,2007,           14905 ,               ,18.69995522,          ,469,WI,Oneida Packerland One Stop
3120 South Packerland Drive Green Bay WI           ,44.530021,-88.094613,55117,Oneida Tribe of Indians of Wisconsin                                                  ,3500.0,93,2007,           14905 ,               ,18.69995522,          ,469,WI,Oneida Packerland One Stop
3120 South Packerland Drive Green Bay WI           ,44.530021,-88.094613,55131,Oneida Tribe of Indians of Wisconsin                                                  ,3500.0,93,2007,           14905 ,               ,18.69995522,          ,469,WI,Oneida Packerland One Stop
3120 South Packerland Drive Green Bay WI           ,44.530021,-88.094613,55077,Oneida Tribe of Indians of Wisconsin                                                  ,3500.0,93,2007,           14905 ,               ,18.69995522,          ,469,WI,Oneida Packerland One Stop
3120 South Packerland Drive Green Bay WI           ,44.530021,-88.094613,55078,Oneida Tribe of Indians of Wisconsin                                                  ,3500.0,93,2007,           14905 ,               ,18.69995522,          ,469,WI,Oneida Packerland One Stop
2522 W. Mason Street Green Bay WI                  ,44.524071791044776,-88.0938514477612,55039,Oneida Tribe of Indians of Wisconsin                                                  ,3500.0,780,1994,           58000 ,          2013 ,156.8383341,  28000000,470,WI,Mason Street Casino
2522 W. Mason Street Green Bay WI                  ,44.524071791044776,-88.0938514477612,55137,Oneida Tribe of Indians of Wisconsin                                                  ,3500.0,780,1994,           58000 ,          2013 ,156.8383341,  28000000,470,WI,Mason Street Casino
2522 W. Mason Street Green Bay WI                  ,44.524071791044776,-88.0938514477612,26043,Oneida Tribe of Indians of Wisconsin                                                  ,3500.0,780,1994,           58000 ,          2013 ,156.8383341,  28000000,470,WI,Mason Street Casino
2522 W. Mason Street Green Bay WI                  ,44.524071791044776,-88.0938514477612,55073,Oneida Tribe of Indians of Wisconsin                                                  ,3500.0,780,1994,           58000 ,          2013 ,156.8383341,  28000000,470,WI,Mason Street Casino
2522 W. Mason Street Green Bay WI                  ,44.524071791044776,-88.0938514477612,55135,Oneida Tribe of Indians of Wisconsin                                                  ,3500.0,780,1994,           58000 ,          2013 ,156.8383341,  28000000,470,WI,Mason Street Casino
2522 W. Mason Street Green Bay WI                  ,44.524071791044776,-88.0938514477612,55085,Oneida Tribe of Indians of Wisconsin                                                  ,3500.0,780,1994,           58000 ,          2013 ,156.8383341,  28000000,470,WI,Mason Street Casino
2522 W. Mason Street Green Bay WI                  ,44.524071791044776,-88.0938514477612,55037,Oneida Tribe of Indians of Wisconsin                                                  ,3500.0,780,1994,           58000 ,          2013 ,156.8383341,  28000000,470,WI,Mason Street Casino
2522 W. Mason Street Green Bay WI                  ,44.524071791044776,-88.0938514477612,26041,Oneida Tribe of Indians of Wisconsin                                                  ,3500.0,780,1994,           58000 ,          2013 ,156.8383341,  28000000,470,WI,Mason Street Casino
2522 W. Mason Street Green Bay WI                  ,44.524071791044776,-88.0938514477612,55075,Oneida Tribe of Indians of Wisconsin                                                  ,3500.0,780,1994,           58000 ,          2013 ,156.8383341,  28000000,470,WI,Mason Street Casino
2522 W. Mason Street Green Bay WI                  ,44.524071791044776,-88.0938514477612,55021,Oneida Tribe of Indians of Wisconsin                                                  ,3500.0,780,1994,           58000 ,          2013 ,156.8383341,  28000000,470,WI,Mason Street Casino
2522 W. Mason Street Green Bay WI                  ,44.524071791044776,-88.0938514477612,55097,Oneida Tribe of Indians of Wisconsin                                                  ,3500.0,780,1994,           58000 ,          2013 ,156.8383341,  28000000,470,WI,Mason Street Casino
2522 W. Mason Street Green Bay WI                  ,44.524071791044776,-88.0938514477612,55089,Oneida Tribe of Indians of Wisconsin                                                  ,3500.0,780,1994,           58000 ,          2013 ,156.8383341,  28000000,470,WI,Mason Street Casino
2522 W. Mason Street Green Bay WI                  ,44.524071791044776,-88.0938514477612,26109,Oneida Tribe of Indians of Wisconsin                                                  ,3500.0,780,1994,           58000 ,          2013 ,156.8383341,  28000000,470,WI,Mason Street Casino
2522 W. Mason Street Green Bay WI                  ,44.524071791044776,-88.0938514477612,55041,Oneida Tribe of Indians of Wisconsin                                                  ,3500.0,780,1994,           58000 ,          2013 ,156.8383341,  28000000,470,WI,Mason Street Casino
2522 W. Mason Street Green Bay WI                  ,44.524071791044776,-88.0938514477612,55047,Oneida Tribe of Indians of Wisconsin                                                  ,3500.0,780,1994,           58000 ,          2013 ,156.8383341,  28000000,470,WI,Mason Street Casino
2522 W. Mason Street Green Bay WI                  ,44.524071791044776,-88.0938514477612,55027,Oneida Tribe of Indians of Wisconsin                                                  ,3500.0,780,1994,           58000 ,          2013 ,156.8383341,  28000000,470,WI,Mason Street Casino
2522 W. Mason Street Green Bay WI                  ,44.524071791044776,-88.0938514477612,55067,Oneida Tribe of Indians of Wisconsin                                                  ,3500.0,780,1994,           58000 ,          2013 ,156.8383341,  28000000,470,WI,Mason Street Casino
2522 W. Mason Street Green Bay WI                  ,44.524071791044776,-88.0938514477612,55133,Oneida Tribe of Indians of Wisconsin                                                  ,3500.0,780,1994,           58000 ,          2013 ,156.8383341,  28000000,470,WI,Mason Street Casino
2522 W. Mason Street Green Bay WI                  ,44.524071791044776,-88.0938514477612,26071,Oneida Tribe of Indians of Wisconsin                                                  ,3500.0,780,1994,           58000 ,          2013 ,156.8383341,  28000000,470,WI,Mason Street Casino
2522 W. Mason Street Green Bay WI                  ,44.524071791044776,-88.0938514477612,55055,Oneida Tribe of Indians of Wisconsin                                                  ,3500.0,780,1994,           58000 ,          2013 ,156.8383341,  28000000,470,WI,Mason Street Casino
2522 W. Mason Street Green Bay WI                  ,44.524071791044776,-88.0938514477612,55079,Oneida Tribe of Indians of Wisconsin                                                  ,3500.0,780,1994,           58000 ,          2013 ,156.8383341,  28000000,470,WI,Mason Street Casino
2522 W. Mason Street Green Bay WI                  ,44.524071791044776,-88.0938514477612,55117,Oneida Tribe of Indians of Wisconsin                                                  ,3500.0,780,1994,           58000 ,          2013 ,156.8383341,  28000000,470,WI,Mason Street Casino
2522 W. Mason Street Green Bay WI                  ,44.524071791044776,-88.0938514477612,55131,Oneida Tribe of Indians of Wisconsin                                                  ,3500.0,780,1994,           58000 ,          2013 ,156.8383341,  28000000,470,WI,Mason Street Casino
2522 W. Mason Street Green Bay WI                  ,44.524071791044776,-88.0938514477612,55077,Oneida Tribe of Indians of Wisconsin                                                  ,3500.0,780,1994,           58000 ,          2013 ,156.8383341,  28000000,470,WI,Mason Street Casino
2522 W. Mason Street Green Bay WI                  ,44.524071791044776,-88.0938514477612,55078,Oneida Tribe of Indians of Wisconsin                                                  ,3500.0,780,1994,           58000 ,          2013 ,156.8383341,  28000000,470,WI,Mason Street Casino
2100 Airport Drive Green Bay WI                    ,44.4958058,-88.1272769,55039,Oneida Tribe of Indians of Wisconsin                                                  ,3500.0,400,1992,           76578 ,               ,80.42991491,          ,471,WI,Imac Bingo Facility
2100 Airport Drive Green Bay WI                    ,44.4958058,-88.1272769,55069,Oneida Tribe of Indians of Wisconsin                                                  ,3500.0,400,1992,           76578 ,               ,80.42991491,          ,471,WI,Imac Bingo Facility
2100 Airport Drive Green Bay WI                    ,44.4958058,-88.1272769,55137,Oneida Tribe of Indians of Wisconsin                                                  ,3500.0,400,1992,           76578 ,               ,80.42991491,          ,471,WI,Imac Bingo Facility
2100 Airport Drive Green Bay WI                    ,44.4958058,-88.1272769,26043,Oneida Tribe of Indians of Wisconsin                                                  ,3500.0,400,1992,           76578 ,               ,80.42991491,          ,471,WI,Imac Bingo Facility
2100 Airport Drive Green Bay WI                    ,44.4958058,-88.1272769,55073,Oneida Tribe of Indians of Wisconsin                                                  ,3500.0,400,1992,           76578 ,               ,80.42991491,          ,471,WI,Imac Bingo Facility
2100 Airport Drive Green Bay WI                    ,44.4958058,-88.1272769,55135,Oneida Tribe of Indians of Wisconsin                                                  ,3500.0,400,1992,           76578 ,               ,80.42991491,          ,471,WI,Imac Bingo Facility
2100 Airport Drive Green Bay WI                    ,44.4958058,-88.1272769,55085,Oneida Tribe of Indians of Wisconsin                                                  ,3500.0,400,1992,           76578 ,               ,80.42991491,          ,471,WI,Imac Bingo Facility
2100 Airport Drive Green Bay WI                    ,44.4958058,-88.1272769,55037,Oneida Tribe of Indians of Wisconsin                                                  ,3500.0,400,1992,           76578 ,               ,80.42991491,          ,471,WI,Imac Bingo Facility
2100 Airport Drive Green Bay WI                    ,44.4958058,-88.1272769,26041,Oneida Tribe of Indians of Wisconsin                                                  ,3500.0,400,1992,           76578 ,               ,80.42991491,          ,471,WI,Imac Bingo Facility
2100 Airport Drive Green Bay WI                    ,44.4958058,-88.1272769,55075,Oneida Tribe of Indians of Wisconsin                                                  ,3500.0,400,1992,           76578 ,               ,80.42991491,          ,471,WI,Imac Bingo Facility
2100 Airport Drive Green Bay WI                    ,44.4958058,-88.1272769,55021,Oneida Tribe of Indians of Wisconsin                                                  ,3500.0,400,1992,           76578 ,               ,80.42991491,          ,471,WI,Imac Bingo Facility
2100 Airport Drive Green Bay WI                    ,44.4958058,-88.1272769,55097,Oneida Tribe of Indians of Wisconsin                                                  ,3500.0,400,1992,           76578 ,               ,80.42991491,          ,471,WI,Imac Bingo Facility
2100 Airport Drive Green Bay WI                    ,44.4958058,-88.1272769,55089,Oneida Tribe of Indians of Wisconsin                                                  ,3500.0,400,1992,           76578 ,               ,80.42991491,          ,471,WI,Imac Bingo Facility
2100 Airport Drive Green Bay WI                    ,44.4958058,-88.1272769,26109,Oneida Tribe of Indians of Wisconsin                                                  ,3500.0,400,1992,           76578 ,               ,80.42991491,          ,471,WI,Imac Bingo Facility
2100 Airport Drive Green Bay WI                    ,44.4958058,-88.1272769,55041,Oneida Tribe of Indians of Wisconsin                                                  ,3500.0,400,1992,           76578 ,               ,80.42991491,          ,471,WI,Imac Bingo Facility
2100 Airport Drive Green Bay WI                    ,44.4958058,-88.1272769,55047,Oneida Tribe of Indians of Wisconsin                                                  ,3500.0,400,1992,           76578 ,               ,80.42991491,          ,471,WI,Imac Bingo Facility
2100 Airport Drive Green Bay WI                    ,44.4958058,-88.1272769,55027,Oneida Tribe of Indians of Wisconsin                                                  ,3500.0,400,1992,           76578 ,               ,80.42991491,          ,471,WI,Imac Bingo Facility
2100 Airport Drive Green Bay WI                    ,44.4958058,-88.1272769,55067,Oneida Tribe of Indians of Wisconsin                                                  ,3500.0,400,1992,           76578 ,               ,80.42991491,          ,471,WI,Imac Bingo Facility
2100 Airport Drive Green Bay WI                    ,44.4958058,-88.1272769,55133,Oneida Tribe of Indians of Wisconsin                                                  ,3500.0,400,1992,           76578 ,               ,80.42991491,          ,471,WI,Imac Bingo Facility
2100 Airport Drive Green Bay WI                    ,44.4958058,-88.1272769,26071,Oneida Tribe of Indians of Wisconsin                                                  ,3500.0,400,1992,           76578 ,               ,80.42991491,          ,471,WI,Imac Bingo Facility
2100 Airport Drive Green Bay WI                    ,44.4958058,-88.1272769,55055,Oneida Tribe of Indians of Wisconsin                                                  ,3500.0,400,1992,           76578 ,               ,80.42991491,          ,471,WI,Imac Bingo Facility
2100 Airport Drive Green Bay WI                    ,44.4958058,-88.1272769,55079,Oneida Tribe of Indians of Wisconsin                                                  ,3500.0,400,1992,           76578 ,               ,80.42991491,          ,471,WI,Imac Bingo Facility
2100 Airport Drive Green Bay WI                    ,44.4958058,-88.1272769,55117,Oneida Tribe of Indians of Wisconsin                                                  ,3500.0,400,1992,           76578 ,               ,80.42991491,          ,471,WI,Imac Bingo Facility
2100 Airport Drive Green Bay WI                    ,44.4958058,-88.1272769,55131,Oneida Tribe of Indians of Wisconsin                                                  ,3500.0,400,1992,           76578 ,               ,80.42991491,          ,471,WI,Imac Bingo Facility
2100 Airport Drive Green Bay WI                    ,44.4958058,-88.1272769,55077,Oneida Tribe of Indians of Wisconsin                                                  ,3500.0,400,1992,           76578 ,               ,80.42991491,          ,471,WI,Imac Bingo Facility
2100 Airport Drive Green Bay WI                    ,44.4958058,-88.1272769,55078,Oneida Tribe of Indians of Wisconsin                                                  ,3500.0,400,1992,           76578 ,               ,80.42991491,          ,471,WI,Imac Bingo Facility
37600 Onigamiing Dr Bayfield WI 54814              ,46.8549186,-90.7874946557014,55129,Red Cliff Band of Lake Superior Chippewa Indians                                      ,,300,2011,           15000 ,               ,25.0,  23500000,472,WI,Legendary Waters Resort and Casino
37600 Onigamiing Dr Bayfield WI 54814              ,46.8549186,-90.7874946557014,26053,Red Cliff Band of Lake Superior Chippewa Indians                                      ,,300,2011,           15000 ,               ,25.0,  23500000,472,WI,Legendary Waters Resort and Casino
37600 Onigamiing Dr Bayfield WI 54814              ,46.8549186,-90.7874946557014,27031,Red Cliff Band of Lake Superior Chippewa Indians                                      ,,300,2011,           15000 ,               ,25.0,  23500000,472,WI,Legendary Waters Resort and Casino
37600 Onigamiing Dr Bayfield WI 54814              ,46.8549186,-90.7874946557014,55125,Red Cliff Band of Lake Superior Chippewa Indians                                      ,,300,2011,           15000 ,               ,25.0,  23500000,472,WI,Legendary Waters Resort and Casino
37600 Onigamiing Dr Bayfield WI 54814              ,46.8549186,-90.7874946557014,55113,Red Cliff Band of Lake Superior Chippewa Indians                                      ,,300,2011,           15000 ,               ,25.0,  23500000,472,WI,Legendary Waters Resort and Casino
37600 Onigamiing Dr Bayfield WI 54814              ,46.8549186,-90.7874946557014,27137,Red Cliff Band of Lake Superior Chippewa Indians                                      ,,300,2011,           15000 ,               ,25.0,  23500000,472,WI,Legendary Waters Resort and Casino
37600 Onigamiing Dr Bayfield WI 54814              ,46.8549186,-90.7874946557014,55031,Red Cliff Band of Lake Superior Chippewa Indians                                      ,,300,2011,           15000 ,               ,25.0,  23500000,472,WI,Legendary Waters Resort and Casino
37600 Onigamiing Dr Bayfield WI 54814              ,46.8549186,-90.7874946557014,55085,Red Cliff Band of Lake Superior Chippewa Indians                                      ,,300,2011,           15000 ,               ,25.0,  23500000,472,WI,Legendary Waters Resort and Casino
37600 Onigamiing Dr Bayfield WI 54814              ,46.8549186,-90.7874946557014,27075,Red Cliff Band of Lake Superior Chippewa Indians                                      ,,300,2011,           15000 ,               ,25.0,  23500000,472,WI,Legendary Waters Resort and Casino
37600 Onigamiing Dr Bayfield WI 54814              ,46.8549186,-90.7874946557014,55005,Red Cliff Band of Lake Superior Chippewa Indians                                      ,,300,2011,           15000 ,               ,25.0,  23500000,472,WI,Legendary Waters Resort and Casino
37600 Onigamiing Dr Bayfield WI 54814              ,46.8549186,-90.7874946557014,55099,Red Cliff Band of Lake Superior Chippewa Indians                                      ,,300,2011,           15000 ,               ,25.0,  23500000,472,WI,Legendary Waters Resort and Casino
37600 Onigamiing Dr Bayfield WI 54814              ,46.8549186,-90.7874946557014,55107,Red Cliff Band of Lake Superior Chippewa Indians                                      ,,300,2011,           15000 ,               ,25.0,  23500000,472,WI,Legendary Waters Resort and Casino
37600 Onigamiing Dr Bayfield WI 54814              ,46.8549186,-90.7874946557014,55013,Red Cliff Band of Lake Superior Chippewa Indians                                      ,,300,2011,           15000 ,               ,25.0,  23500000,472,WI,Legendary Waters Resort and Casino
37600 Onigamiing Dr Bayfield WI 54814              ,46.8549186,-90.7874946557014,26131,Red Cliff Band of Lake Superior Chippewa Indians                                      ,,300,2011,           15000 ,               ,25.0,  23500000,472,WI,Legendary Waters Resort and Casino
3086 WI-55 Crandon WI 54520                        ,45.532755,-88.9488334,26053,Sokaogon Chippewa Community                                                           ,,330,1991,           24000 ,               ,1.122,          ,473,WI,Mole Lake Casino and Bingo
3086 WI-55 Crandon WI 54520                        ,45.532755,-88.9488334,55069,Sokaogon Chippewa Community                                                           ,,330,1991,           24000 ,               ,1.122,          ,473,WI,Mole Lake Casino and Bingo
3086 WI-55 Crandon WI 54520                        ,45.532755,-88.9488334,26061,Sokaogon Chippewa Community                                                           ,,330,1991,           24000 ,               ,1.122,          ,473,WI,Mole Lake Casino and Bingo
3086 WI-55 Crandon WI 54520                        ,45.532755,-88.9488334,55141,Sokaogon Chippewa Community                                                           ,,330,1991,           24000 ,               ,1.122,          ,473,WI,Mole Lake Casino and Bingo
3086 WI-55 Crandon WI 54520                        ,45.532755,-88.9488334,55137,Sokaogon Chippewa Community                                                           ,,330,1991,           24000 ,               ,1.122,          ,473,WI,Mole Lake Casino and Bingo
3086 WI-55 Crandon WI 54520                        ,45.532755,-88.9488334,26043,Sokaogon Chippewa Community                                                           ,,330,1991,           24000 ,               ,1.122,          ,473,WI,Mole Lake Casino and Bingo
3086 WI-55 Crandon WI 54520                        ,45.532755,-88.9488334,55001,Sokaogon Chippewa Community                                                           ,,330,1991,           24000 ,               ,1.122,          ,473,WI,Mole Lake Casino and Bingo
3086 WI-55 Crandon WI 54520                        ,45.532755,-88.9488334,55119,Sokaogon Chippewa Community                                                           ,,330,1991,           24000 ,               ,1.122,          ,473,WI,Mole Lake Casino and Bingo
3086 WI-55 Crandon WI 54520                        ,45.532755,-88.9488334,55135,Sokaogon Chippewa Community                                                           ,,330,1991,           24000 ,               ,1.122,          ,473,WI,Mole Lake Casino and Bingo
3086 WI-55 Crandon WI 54520                        ,45.532755,-88.9488334,55009,Sokaogon Chippewa Community                                                           ,,330,1991,           24000 ,               ,1.122,          ,473,WI,Mole Lake Casino and Bingo
3086 WI-55 Crandon WI 54520                        ,45.532755,-88.9488334,55087,Sokaogon Chippewa Community                                                           ,,330,1991,           24000 ,               ,1.122,          ,473,WI,Mole Lake Casino and Bingo
3086 WI-55 Crandon WI 54520                        ,45.532755,-88.9488334,55099,Sokaogon Chippewa Community                                                           ,,330,1991,           24000 ,               ,1.122,          ,473,WI,Mole Lake Casino and Bingo
3086 WI-55 Crandon WI 54520                        ,45.532755,-88.9488334,55003,Sokaogon Chippewa Community                                                           ,,330,1991,           24000 ,               ,1.122,          ,473,WI,Mole Lake Casino and Bingo
3086 WI-55 Crandon WI 54520                        ,45.532755,-88.9488334,55115,Sokaogon Chippewa Community                                                           ,,330,1991,           24000 ,               ,1.122,          ,473,WI,Mole Lake Casino and Bingo
3086 WI-55 Crandon WI 54520                        ,45.532755,-88.9488334,55075,Sokaogon Chippewa Community                                                           ,,330,1991,           24000 ,               ,1.122,          ,473,WI,Mole Lake Casino and Bingo
3086 WI-55 Crandon WI 54520                        ,45.532755,-88.9488334,26131,Sokaogon Chippewa Community                                                           ,,330,1991,           24000 ,               ,1.122,          ,473,WI,Mole Lake Casino and Bingo
3086 WI-55 Crandon WI 54520                        ,45.532755,-88.9488334,26013,Sokaogon Chippewa Community                                                           ,,330,1991,           24000 ,               ,1.122,          ,473,WI,Mole Lake Casino and Bingo
3086 WI-55 Crandon WI 54520                        ,45.532755,-88.9488334,55097,Sokaogon Chippewa Community                                                           ,,330,1991,           24000 ,               ,1.122,          ,473,WI,Mole Lake Casino and Bingo
3086 WI-55 Crandon WI 54520                        ,45.532755,-88.9488334,55139,Sokaogon Chippewa Community                                                           ,,330,1991,           24000 ,               ,1.122,          ,473,WI,Mole Lake Casino and Bingo
3086 WI-55 Crandon WI 54520                        ,45.532755,-88.9488334,26109,Sokaogon Chippewa Community                                                           ,,330,1991,           24000 ,               ,1.122,          ,473,WI,Mole Lake Casino and Bingo
3086 WI-55 Crandon WI 54520                        ,45.532755,-88.9488334,55015,Sokaogon Chippewa Community                                                           ,,330,1991,           24000 ,               ,1.122,          ,473,WI,Mole Lake Casino and Bingo
3086 WI-55 Crandon WI 54520                        ,45.532755,-88.9488334,26071,Sokaogon Chippewa Community                                                           ,,330,1991,           24000 ,               ,1.122,          ,473,WI,Mole Lake Casino and Bingo
3086 WI-55 Crandon WI 54520                        ,45.532755,-88.9488334,55051,Sokaogon Chippewa Community                                                           ,,330,1991,           24000 ,               ,1.122,          ,473,WI,Mole Lake Casino and Bingo
3086 WI-55 Crandon WI 54520                        ,45.532755,-88.9488334,26103,Sokaogon Chippewa Community                                                           ,,330,1991,           24000 ,               ,1.122,          ,473,WI,Mole Lake Casino and Bingo
3086 WI-55 Crandon WI 54520                        ,45.532755,-88.9488334,55073,Sokaogon Chippewa Community                                                           ,,330,1991,           24000 ,               ,1.122,          ,473,WI,Mole Lake Casino and Bingo
777 US-8 Turtle Lake WI 54889                      ,45.3955641,-92.1665078,27065,St. Croix Chippewa Indians of Wisconsin                                               ,,1095,1992,           95000 ,          2022 ,159.6504065,          ,474,WI,St. Croix Casino Turtle Lake
777 US-8 Turtle Lake WI 54889                      ,45.3955641,-92.1665078,27003,St. Croix Chippewa Indians of Wisconsin                                               ,,1095,1992,           95000 ,          2022 ,159.6504065,          ,474,WI,St. Croix Casino Turtle Lake
777 US-8 Turtle Lake WI 54889                      ,45.3955641,-92.1665078,27163,St. Croix Chippewa Indians of Wisconsin                                               ,,1095,1992,           95000 ,          2022 ,159.6504065,          ,474,WI,St. Croix Casino Turtle Lake
777 US-8 Turtle Lake WI 54889                      ,45.3955641,-92.1665078,27059,St. Croix Chippewa Indians of Wisconsin                                               ,,1095,1992,           95000 ,          2022 ,159.6504065,          ,474,WI,St. Croix Casino Turtle Lake
777 US-8 Turtle Lake WI 54889                      ,45.3955641,-92.1665078,55113,St. Croix Chippewa Indians of Wisconsin                                               ,,1095,1992,           95000 ,          2022 ,159.6504065,          ,474,WI,St. Croix Casino Turtle Lake
777 US-8 Turtle Lake WI 54889                      ,45.3955641,-92.1665078,27139,St. Croix Chippewa Indians of Wisconsin                                               ,,1095,1992,           95000 ,          2022 ,159.6504065,          ,474,WI,St. Croix Casino Turtle Lake
777 US-8 Turtle Lake WI 54889                      ,45.3955641,-92.1665078,27001,St. Croix Chippewa Indians of Wisconsin                                               ,,1095,1992,           95000 ,          2022 ,159.6504065,          ,474,WI,St. Croix Casino Turtle Lake
777 US-8 Turtle Lake WI 54889                      ,45.3955641,-92.1665078,55119,St. Croix Chippewa Indians of Wisconsin                                               ,,1095,1992,           95000 ,          2022 ,159.6504065,          ,474,WI,St. Croix Casino Turtle Lake
777 US-8 Turtle Lake WI 54889                      ,45.3955641,-92.1665078,55011,St. Croix Chippewa Indians of Wisconsin                                               ,,1095,1992,           95000 ,          2022 ,159.6504065,          ,474,WI,St. Croix Casino Turtle Lake
777 US-8 Turtle Lake WI 54889                      ,45.3955641,-92.1665078,27037,St. Croix Chippewa Indians of Wisconsin                                               ,,1095,1992,           95000 ,          2022 ,159.6504065,          ,474,WI,St. Croix Casino Turtle Lake
777 US-8 Turtle Lake WI 54889                      ,45.3955641,-92.1665078,55091,St. Croix Chippewa Indians of Wisconsin                                               ,,1095,1992,           95000 ,          2022 ,159.6504065,          ,474,WI,St. Croix Casino Turtle Lake
777 US-8 Turtle Lake WI 54889                      ,45.3955641,-92.1665078,55017,St. Croix Chippewa Indians of Wisconsin                                               ,,1095,1992,           95000 ,          2022 ,159.6504065,          ,474,WI,St. Croix Casino Turtle Lake
777 US-8 Turtle Lake WI 54889                      ,45.3955641,-92.1665078,27019,St. Croix Chippewa Indians of Wisconsin                                               ,,1095,1992,           95000 ,          2022 ,159.6504065,          ,474,WI,St. Croix Casino Turtle Lake
777 US-8 Turtle Lake WI 54889                      ,45.3955641,-92.1665078,55107,St. Croix Chippewa Indians of Wisconsin                                               ,,1095,1992,           95000 ,          2022 ,159.6504065,          ,474,WI,St. Croix Casino Turtle Lake
777 US-8 Turtle Lake WI 54889                      ,45.3955641,-92.1665078,55053,St. Croix Chippewa Indians of Wisconsin                                               ,,1095,1992,           95000 ,          2022 ,159.6504065,          ,474,WI,St. Croix Casino Turtle Lake
777 US-8 Turtle Lake WI 54889                      ,45.3955641,-92.1665078,27171,St. Croix Chippewa Indians of Wisconsin                                               ,,1095,1992,           95000 ,          2022 ,159.6504065,          ,474,WI,St. Croix Casino Turtle Lake
777 US-8 Turtle Lake WI 54889                      ,45.3955641,-92.1665078,55003,St. Croix Chippewa Indians of Wisconsin                                               ,,1095,1992,           95000 ,          2022 ,159.6504065,          ,474,WI,St. Croix Casino Turtle Lake
777 US-8 Turtle Lake WI 54889                      ,45.3955641,-92.1665078,27115,St. Croix Chippewa Indians of Wisconsin                                               ,,1095,1992,           95000 ,          2022 ,159.6504065,          ,474,WI,St. Croix Casino Turtle Lake
777 US-8 Turtle Lake WI 54889                      ,45.3955641,-92.1665078,55121,St. Croix Chippewa Indians of Wisconsin                                               ,,1095,1992,           95000 ,          2022 ,159.6504065,          ,474,WI,St. Croix Casino Turtle Lake
777 US-8 Turtle Lake WI 54889                      ,45.3955641,-92.1665078,55007,St. Croix Chippewa Indians of Wisconsin                                               ,,1095,1992,           95000 ,          2022 ,159.6504065,          ,474,WI,St. Croix Casino Turtle Lake
777 US-8 Turtle Lake WI 54889                      ,45.3955641,-92.1665078,27053,St. Croix Chippewa Indians of Wisconsin                                               ,,1095,1992,           95000 ,          2022 ,159.6504065,          ,474,WI,St. Croix Casino Turtle Lake
777 US-8 Turtle Lake WI 54889                      ,45.3955641,-92.1665078,27109,St. Croix Chippewa Indians of Wisconsin                                               ,,1095,1992,           95000 ,          2022 ,159.6504065,          ,474,WI,St. Croix Casino Turtle Lake
777 US-8 Turtle Lake WI 54889                      ,45.3955641,-92.1665078,27123,St. Croix Chippewa Indians of Wisconsin                                               ,,1095,1992,           95000 ,          2022 ,159.6504065,          ,474,WI,St. Croix Casino Turtle Lake
777 US-8 Turtle Lake WI 54889                      ,45.3955641,-92.1665078,27049,St. Croix Chippewa Indians of Wisconsin                                               ,,1095,1992,           95000 ,          2022 ,159.6504065,          ,474,WI,St. Croix Casino Turtle Lake
777 US-8 Turtle Lake WI 54889                      ,45.3955641,-92.1665078,27039,St. Croix Chippewa Indians of Wisconsin                                               ,,1095,1992,           95000 ,          2022 ,159.6504065,          ,474,WI,St. Croix Casino Turtle Lake
777 US-8 Turtle Lake WI 54889                      ,45.3955641,-92.1665078,27141,St. Croix Chippewa Indians of Wisconsin                                               ,,1095,1992,           95000 ,          2022 ,159.6504065,          ,474,WI,St. Croix Casino Turtle Lake
777 US-8 Turtle Lake WI 54889                      ,45.3955641,-92.1665078,55019,St. Croix Chippewa Indians of Wisconsin                                               ,,1095,1992,           95000 ,          2022 ,159.6504065,          ,474,WI,St. Croix Casino Turtle Lake
777 US-8 Turtle Lake WI 54889                      ,45.3955641,-92.1665078,27137,St. Croix Chippewa Indians of Wisconsin                                               ,,1095,1992,           95000 ,          2022 ,159.6504065,          ,474,WI,St. Croix Casino Turtle Lake
777 US-8 Turtle Lake WI 54889                      ,45.3955641,-92.1665078,27025,St. Croix Chippewa Indians of Wisconsin                                               ,,1095,1992,           95000 ,          2022 ,159.6504065,          ,474,WI,St. Croix Casino Turtle Lake
777 US-8 Turtle Lake WI 54889                      ,45.3955641,-92.1665078,27017,St. Croix Chippewa Indians of Wisconsin                                               ,,1095,1992,           95000 ,          2022 ,159.6504065,          ,474,WI,St. Croix Casino Turtle Lake
777 US-8 Turtle Lake WI 54889                      ,45.3955641,-92.1665078,55093,St. Croix Chippewa Indians of Wisconsin                                               ,,1095,1992,           95000 ,          2022 ,159.6504065,          ,474,WI,St. Croix Casino Turtle Lake
777 US-8 Turtle Lake WI 54889                      ,45.3955641,-92.1665078,55031,St. Croix Chippewa Indians of Wisconsin                                               ,,1095,1992,           95000 ,          2022 ,159.6504065,          ,474,WI,St. Croix Casino Turtle Lake
777 US-8 Turtle Lake WI 54889                      ,45.3955641,-92.1665078,27157,St. Croix Chippewa Indians of Wisconsin                                               ,,1095,1992,           95000 ,          2022 ,159.6504065,          ,474,WI,St. Croix Casino Turtle Lake
777 US-8 Turtle Lake WI 54889                      ,45.3955641,-92.1665078,27169,St. Croix Chippewa Indians of Wisconsin                                               ,,1095,1992,           95000 ,          2022 ,159.6504065,          ,474,WI,St. Croix Casino Turtle Lake
777 US-8 Turtle Lake WI 54889                      ,45.3955641,-92.1665078,55035,St. Croix Chippewa Indians of Wisconsin                                               ,,1095,1992,           95000 ,          2022 ,159.6504065,          ,474,WI,St. Croix Casino Turtle Lake
777 US-8 Turtle Lake WI 54889                      ,45.3955641,-92.1665078,27131,St. Croix Chippewa Indians of Wisconsin                                               ,,1095,1992,           95000 ,          2022 ,159.6504065,          ,474,WI,St. Croix Casino Turtle Lake
777 US-8 Turtle Lake WI 54889                      ,45.3955641,-92.1665078,27095,St. Croix Chippewa Indians of Wisconsin                                               ,,1095,1992,           95000 ,          2022 ,159.6504065,          ,474,WI,St. Croix Casino Turtle Lake
hertel wisconsin                                   ,45.8085575,-92.1751873,27065,St. Croix Chippewa Indians of Wisconsin                                               ,,250,1996,            6800 ,          2017 ,36.4498645,          ,475,WI,St. Croix Casino Hertle Express
hertel wisconsin                                   ,45.8085575,-92.1751873,27003,St. Croix Chippewa Indians of Wisconsin                                               ,,250,1996,            6800 ,          2017 ,36.4498645,          ,475,WI,St. Croix Casino Hertle Express
hertel wisconsin                                   ,45.8085575,-92.1751873,27163,St. Croix Chippewa Indians of Wisconsin                                               ,,250,1996,            6800 ,          2017 ,36.4498645,          ,475,WI,St. Croix Casino Hertle Express
hertel wisconsin                                   ,45.8085575,-92.1751873,27059,St. Croix Chippewa Indians of Wisconsin                                               ,,250,1996,            6800 ,          2017 ,36.4498645,          ,475,WI,St. Croix Casino Hertle Express
hertel wisconsin                                   ,45.8085575,-92.1751873,55113,St. Croix Chippewa Indians of Wisconsin                                               ,,250,1996,            6800 ,          2017 ,36.4498645,          ,475,WI,St. Croix Casino Hertle Express
hertel wisconsin                                   ,45.8085575,-92.1751873,27001,St. Croix Chippewa Indians of Wisconsin                                               ,,250,1996,            6800 ,          2017 ,36.4498645,          ,475,WI,St. Croix Casino Hertle Express
hertel wisconsin                                   ,45.8085575,-92.1751873,55119,St. Croix Chippewa Indians of Wisconsin                                               ,,250,1996,            6800 ,          2017 ,36.4498645,          ,475,WI,St. Croix Casino Hertle Express
hertel wisconsin                                   ,45.8085575,-92.1751873,55011,St. Croix Chippewa Indians of Wisconsin                                               ,,250,1996,            6800 ,          2017 ,36.4498645,          ,475,WI,St. Croix Casino Hertle Express
hertel wisconsin                                   ,45.8085575,-92.1751873,55109,St. Croix Chippewa Indians of Wisconsin                                               ,,250,1996,            6800 ,          2017 ,36.4498645,          ,475,WI,St. Croix Casino Hertle Express
hertel wisconsin                                   ,45.8085575,-92.1751873,27037,St. Croix Chippewa Indians of Wisconsin                                               ,,250,1996,            6800 ,          2017 ,36.4498645,          ,475,WI,St. Croix Casino Hertle Express
hertel wisconsin                                   ,45.8085575,-92.1751873,55091,St. Croix Chippewa Indians of Wisconsin                                               ,,250,1996,            6800 ,          2017 ,36.4498645,          ,475,WI,St. Croix Casino Hertle Express
hertel wisconsin                                   ,45.8085575,-92.1751873,55017,St. Croix Chippewa Indians of Wisconsin                                               ,,250,1996,            6800 ,          2017 ,36.4498645,          ,475,WI,St. Croix Casino Hertle Express
hertel wisconsin                                   ,45.8085575,-92.1751873,27075,St. Croix Chippewa Indians of Wisconsin                                               ,,250,1996,            6800 ,          2017 ,36.4498645,          ,475,WI,St. Croix Casino Hertle Express
hertel wisconsin                                   ,45.8085575,-92.1751873,55107,St. Croix Chippewa Indians of Wisconsin                                               ,,250,1996,            6800 ,          2017 ,36.4498645,          ,475,WI,St. Croix Casino Hertle Express
hertel wisconsin                                   ,45.8085575,-92.1751873,55003,St. Croix Chippewa Indians of Wisconsin                                               ,,250,1996,            6800 ,          2017 ,36.4498645,          ,475,WI,St. Croix Casino Hertle Express
hertel wisconsin                                   ,45.8085575,-92.1751873,55121,St. Croix Chippewa Indians of Wisconsin                                               ,,250,1996,            6800 ,          2017 ,36.4498645,          ,475,WI,St. Croix Casino Hertle Express
hertel wisconsin                                   ,45.8085575,-92.1751873,55007,St. Croix Chippewa Indians of Wisconsin                                               ,,250,1996,            6800 ,          2017 ,36.4498645,          ,475,WI,St. Croix Casino Hertle Express
hertel wisconsin                                   ,45.8085575,-92.1751873,27053,St. Croix Chippewa Indians of Wisconsin                                               ,,250,1996,            6800 ,          2017 ,36.4498645,          ,475,WI,St. Croix Casino Hertle Express
hertel wisconsin                                   ,45.8085575,-92.1751873,27123,St. Croix Chippewa Indians of Wisconsin                                               ,,250,1996,            6800 ,          2017 ,36.4498645,          ,475,WI,St. Croix Casino Hertle Express
hertel wisconsin                                   ,45.8085575,-92.1751873,27049,St. Croix Chippewa Indians of Wisconsin                                               ,,250,1996,            6800 ,          2017 ,36.4498645,          ,475,WI,St. Croix Casino Hertle Express
hertel wisconsin                                   ,45.8085575,-92.1751873,27141,St. Croix Chippewa Indians of Wisconsin                                               ,,250,1996,            6800 ,          2017 ,36.4498645,          ,475,WI,St. Croix Casino Hertle Express
hertel wisconsin                                   ,45.8085575,-92.1751873,27137,St. Croix Chippewa Indians of Wisconsin                                               ,,250,1996,            6800 ,          2017 ,36.4498645,          ,475,WI,St. Croix Casino Hertle Express
hertel wisconsin                                   ,45.8085575,-92.1751873,27025,St. Croix Chippewa Indians of Wisconsin                                               ,,250,1996,            6800 ,          2017 ,36.4498645,          ,475,WI,St. Croix Casino Hertle Express
hertel wisconsin                                   ,45.8085575,-92.1751873,27017,St. Croix Chippewa Indians of Wisconsin                                               ,,250,1996,            6800 ,          2017 ,36.4498645,          ,475,WI,St. Croix Casino Hertle Express
hertel wisconsin                                   ,45.8085575,-92.1751873,55093,St. Croix Chippewa Indians of Wisconsin                                               ,,250,1996,            6800 ,          2017 ,36.4498645,          ,475,WI,St. Croix Casino Hertle Express
hertel wisconsin                                   ,45.8085575,-92.1751873,27157,St. Croix Chippewa Indians of Wisconsin                                               ,,250,1996,            6800 ,          2017 ,36.4498645,          ,475,WI,St. Croix Casino Hertle Express
hertel wisconsin                                   ,45.8085575,-92.1751873,55035,St. Croix Chippewa Indians of Wisconsin                                               ,,250,1996,            6800 ,          2017 ,36.4498645,          ,475,WI,St. Croix Casino Hertle Express
hertel wisconsin                                   ,45.8085575,-92.1751873,55033,St. Croix Chippewa Indians of Wisconsin                                               ,,250,1996,            6800 ,          2017 ,36.4498645,          ,475,WI,St. Croix Casino Hertle Express
hertel wisconsin                                   ,45.8085575,-92.1751873,27095,St. Croix Chippewa Indians of Wisconsin                                               ,,250,1996,            6800 ,          2017 ,36.4498645,          ,475,WI,St. Croix Casino Hertle Express
Danbury WI 54830                                   ,46.0066117,-92.3713048,27009,St. Croix Chippewa Indians of Wisconsin                                               ,,500,2010,           22500 ,               ,72.899729,  55000000,476,WI,St. Croix Casino Danbury
Danbury WI 54830                                   ,46.0066117,-92.3713048,27065,St. Croix Chippewa Indians of Wisconsin                                               ,,500,2010,           22500 ,               ,72.899729,  55000000,476,WI,St. Croix Casino Danbury
Danbury WI 54830                                   ,46.0066117,-92.3713048,27003,St. Croix Chippewa Indians of Wisconsin                                               ,,500,2010,           22500 ,               ,72.899729,  55000000,476,WI,St. Croix Casino Danbury
Danbury WI 54830                                   ,46.0066117,-92.3713048,27163,St. Croix Chippewa Indians of Wisconsin                                               ,,500,2010,           22500 ,               ,72.899729,  55000000,476,WI,St. Croix Casino Danbury
Danbury WI 54830                                   ,46.0066117,-92.3713048,27059,St. Croix Chippewa Indians of Wisconsin                                               ,,500,2010,           22500 ,               ,72.899729,  55000000,476,WI,St. Croix Casino Danbury
Danbury WI 54830                                   ,46.0066117,-92.3713048,27035,St. Croix Chippewa Indians of Wisconsin                                               ,,500,2010,           22500 ,               ,72.899729,  55000000,476,WI,St. Croix Casino Danbury
Danbury WI 54830                                   ,46.0066117,-92.3713048,55113,St. Croix Chippewa Indians of Wisconsin                                               ,,500,2010,           22500 ,               ,72.899729,  55000000,476,WI,St. Croix Casino Danbury
Danbury WI 54830                                   ,46.0066117,-92.3713048,27001,St. Croix Chippewa Indians of Wisconsin                                               ,,500,2010,           22500 ,               ,72.899729,  55000000,476,WI,St. Croix Casino Danbury
Danbury WI 54830                                   ,46.0066117,-92.3713048,55109,St. Croix Chippewa Indians of Wisconsin                                               ,,500,2010,           22500 ,               ,72.899729,  55000000,476,WI,St. Croix Casino Danbury
Danbury WI 54830                                   ,46.0066117,-92.3713048,27061,St. Croix Chippewa Indians of Wisconsin                                               ,,500,2010,           22500 ,               ,72.899729,  55000000,476,WI,St. Croix Casino Danbury
Danbury WI 54830                                   ,46.0066117,-92.3713048,27037,St. Croix Chippewa Indians of Wisconsin                                               ,,500,2010,           22500 ,               ,72.899729,  55000000,476,WI,St. Croix Casino Danbury
Danbury WI 54830                                   ,46.0066117,-92.3713048,55091,St. Croix Chippewa Indians of Wisconsin                                               ,,500,2010,           22500 ,               ,72.899729,  55000000,476,WI,St. Croix Casino Danbury
Danbury WI 54830                                   ,46.0066117,-92.3713048,55017,St. Croix Chippewa Indians of Wisconsin                                               ,,500,2010,           22500 ,               ,72.899729,  55000000,476,WI,St. Croix Casino Danbury
Danbury WI 54830                                   ,46.0066117,-92.3713048,27075,St. Croix Chippewa Indians of Wisconsin                                               ,,500,2010,           22500 ,               ,72.899729,  55000000,476,WI,St. Croix Casino Danbury
Danbury WI 54830                                   ,46.0066117,-92.3713048,55107,St. Croix Chippewa Indians of Wisconsin                                               ,,500,2010,           22500 ,               ,72.899729,  55000000,476,WI,St. Croix Casino Danbury
Danbury WI 54830                                   ,46.0066117,-92.3713048,27171,St. Croix Chippewa Indians of Wisconsin                                               ,,500,2010,           22500 ,               ,72.899729,  55000000,476,WI,St. Croix Casino Danbury
Danbury WI 54830                                   ,46.0066117,-92.3713048,55003,St. Croix Chippewa Indians of Wisconsin                                               ,,500,2010,           22500 ,               ,72.899729,  55000000,476,WI,St. Croix Casino Danbury
Danbury WI 54830                                   ,46.0066117,-92.3713048,27097,St. Croix Chippewa Indians of Wisconsin                                               ,,500,2010,           22500 ,               ,72.899729,  55000000,476,WI,St. Croix Casino Danbury
Danbury WI 54830                                   ,46.0066117,-92.3713048,55007,St. Croix Chippewa Indians of Wisconsin                                               ,,500,2010,           22500 ,               ,72.899729,  55000000,476,WI,St. Croix Casino Danbury
Danbury WI 54830                                   ,46.0066117,-92.3713048,27053,St. Croix Chippewa Indians of Wisconsin                                               ,,500,2010,           22500 ,               ,72.899729,  55000000,476,WI,St. Croix Casino Danbury
Danbury WI 54830                                   ,46.0066117,-92.3713048,27123,St. Croix Chippewa Indians of Wisconsin                                               ,,500,2010,           22500 ,               ,72.899729,  55000000,476,WI,St. Croix Casino Danbury
Danbury WI 54830                                   ,46.0066117,-92.3713048,27049,St. Croix Chippewa Indians of Wisconsin                                               ,,500,2010,           22500 ,               ,72.899729,  55000000,476,WI,St. Croix Casino Danbury
Danbury WI 54830                                   ,46.0066117,-92.3713048,27141,St. Croix Chippewa Indians of Wisconsin                                               ,,500,2010,           22500 ,               ,72.899729,  55000000,476,WI,St. Croix Casino Danbury
Danbury WI 54830                                   ,46.0066117,-92.3713048,27137,St. Croix Chippewa Indians of Wisconsin                                               ,,500,2010,           22500 ,               ,72.899729,  55000000,476,WI,St. Croix Casino Danbury
Danbury WI 54830                                   ,46.0066117,-92.3713048,27025,St. Croix Chippewa Indians of Wisconsin                                               ,,500,2010,           22500 ,               ,72.899729,  55000000,476,WI,St. Croix Casino Danbury
Danbury WI 54830                                   ,46.0066117,-92.3713048,55093,St. Croix Chippewa Indians of Wisconsin                                               ,,500,2010,           22500 ,               ,72.899729,  55000000,476,WI,St. Croix Casino Danbury
Danbury WI 54830                                   ,46.0066117,-92.3713048,55035,St. Croix Chippewa Indians of Wisconsin                                               ,,500,2010,           22500 ,               ,72.899729,  55000000,476,WI,St. Croix Casino Danbury
Danbury WI 54830                                   ,46.0066117,-92.3713048,55033,St. Croix Chippewa Indians of Wisconsin                                               ,,500,2010,           22500 ,               ,72.899729,  55000000,476,WI,St. Croix Casino Danbury
Danbury WI 54830                                   ,46.0066117,-92.3713048,27095,St. Croix Chippewa Indians of Wisconsin                                               ,,500,2010,           22500 ,               ,72.899729,  55000000,476,WI,St. Croix Casino Danbury
Bowler WI 54416                                    ,44.8629629,-88.9815472,26053,Stockbridge-Munsee Community                                                          ,,1225,1992,           70100 ,               ,59.0,          ,477,WI,North Star Mohican Casino Resort
Bowler WI 54416                                    ,44.8629629,-88.9815472,55039,Stockbridge-Munsee Community                                                          ,,1225,1992,           70100 ,               ,59.0,          ,477,WI,North Star Mohican Casino Resort
Bowler WI 54416                                    ,44.8629629,-88.9815472,55061,Stockbridge-Munsee Community                                                          ,,1225,1992,           70100 ,               ,59.0,          ,477,WI,North Star Mohican Casino Resort
Bowler WI 54416                                    ,44.8629629,-88.9815472,55069,Stockbridge-Munsee Community                                                          ,,1225,1992,           70100 ,               ,59.0,          ,477,WI,North Star Mohican Casino Resort
Bowler WI 54416                                    ,44.8629629,-88.9815472,55141,Stockbridge-Munsee Community                                                          ,,1225,1992,           70100 ,               ,59.0,          ,477,WI,North Star Mohican Casino Resort
Bowler WI 54416                                    ,44.8629629,-88.9815472,55137,Stockbridge-Munsee Community                                                          ,,1225,1992,           70100 ,               ,59.0,          ,477,WI,North Star Mohican Casino Resort
Bowler WI 54416                                    ,44.8629629,-88.9815472,26043,Stockbridge-Munsee Community                                                          ,,1225,1992,           70100 ,               ,59.0,          ,477,WI,North Star Mohican Casino Resort
Bowler WI 54416                                    ,44.8629629,-88.9815472,55001,Stockbridge-Munsee Community                                                          ,,1225,1992,           70100 ,               ,59.0,          ,477,WI,North Star Mohican Casino Resort
Bowler WI 54416                                    ,44.8629629,-88.9815472,55119,Stockbridge-Munsee Community                                                          ,,1225,1992,           70100 ,               ,59.0,          ,477,WI,North Star Mohican Casino Resort
Bowler WI 54416                                    ,44.8629629,-88.9815472,55085,Stockbridge-Munsee Community                                                          ,,1225,1992,           70100 ,               ,59.0,          ,477,WI,North Star Mohican Casino Resort
Bowler WI 54416                                    ,44.8629629,-88.9815472,55009,Stockbridge-Munsee Community                                                          ,,1225,1992,           70100 ,               ,59.0,          ,477,WI,North Star Mohican Casino Resort
Bowler WI 54416                                    ,44.8629629,-88.9815472,55099,Stockbridge-Munsee Community                                                          ,,1225,1992,           70100 ,               ,59.0,          ,477,WI,North Star Mohican Casino Resort
Bowler WI 54416                                    ,44.8629629,-88.9815472,55053,Stockbridge-Munsee Community                                                          ,,1225,1992,           70100 ,               ,59.0,          ,477,WI,North Star Mohican Casino Resort
Bowler WI 54416                                    ,44.8629629,-88.9815472,55037,Stockbridge-Munsee Community                                                          ,,1225,1992,           70100 ,               ,59.0,          ,477,WI,North Star Mohican Casino Resort
Bowler WI 54416                                    ,44.8629629,-88.9815472,55075,Stockbridge-Munsee Community                                                          ,,1225,1992,           70100 ,               ,59.0,          ,477,WI,North Star Mohican Casino Resort
Bowler WI 54416                                    ,44.8629629,-88.9815472,55021,Stockbridge-Munsee Community                                                          ,,1225,1992,           70100 ,               ,59.0,          ,477,WI,North Star Mohican Casino Resort
Bowler WI 54416                                    ,44.8629629,-88.9815472,55139,Stockbridge-Munsee Community                                                          ,,1225,1992,           70100 ,               ,59.0,          ,477,WI,North Star Mohican Casino Resort
Bowler WI 54416                                    ,44.8629629,-88.9815472,55029,Stockbridge-Munsee Community                                                          ,,1225,1992,           70100 ,               ,59.0,          ,477,WI,North Star Mohican Casino Resort
Bowler WI 54416                                    ,44.8629629,-88.9815472,26109,Stockbridge-Munsee Community                                                          ,,1225,1992,           70100 ,               ,59.0,          ,477,WI,North Star Mohican Casino Resort
Bowler WI 54416                                    ,44.8629629,-88.9815472,55125,Stockbridge-Munsee Community                                                          ,,1225,1992,           70100 ,               ,59.0,          ,477,WI,North Star Mohican Casino Resort
Bowler WI 54416                                    ,44.8629629,-88.9815472,55041,Stockbridge-Munsee Community                                                          ,,1225,1992,           70100 ,               ,59.0,          ,477,WI,North Star Mohican Casino Resort
Bowler WI 54416                                    ,44.8629629,-88.9815472,55111,Stockbridge-Munsee Community                                                          ,,1225,1992,           70100 ,               ,59.0,          ,477,WI,North Star Mohican Casino Resort
Bowler WI 54416                                    ,44.8629629,-88.9815472,55057,Stockbridge-Munsee Community                                                          ,,1225,1992,           70100 ,               ,59.0,          ,477,WI,North Star Mohican Casino Resort
Bowler WI 54416                                    ,44.8629629,-88.9815472,55047,Stockbridge-Munsee Community                                                          ,,1225,1992,           70100 ,               ,59.0,          ,477,WI,North Star Mohican Casino Resort
Bowler WI 54416                                    ,44.8629629,-88.9815472,55027,Stockbridge-Munsee Community                                                          ,,1225,1992,           70100 ,               ,59.0,          ,477,WI,North Star Mohican Casino Resort
Bowler WI 54416                                    ,44.8629629,-88.9815472,55015,Stockbridge-Munsee Community                                                          ,,1225,1992,           70100 ,               ,59.0,          ,477,WI,North Star Mohican Casino Resort
Bowler WI 54416                                    ,44.8629629,-88.9815472,55019,Stockbridge-Munsee Community                                                          ,,1225,1992,           70100 ,               ,59.0,          ,477,WI,North Star Mohican Casino Resort
Bowler WI 54416                                    ,44.8629629,-88.9815472,26071,Stockbridge-Munsee Community                                                          ,,1225,1992,           70100 ,               ,59.0,          ,477,WI,North Star Mohican Casino Resort
Bowler WI 54416                                    ,44.8629629,-88.9815472,55071,Stockbridge-Munsee Community                                                          ,,1225,1992,           70100 ,               ,59.0,          ,477,WI,North Star Mohican Casino Resort
Bowler WI 54416                                    ,44.8629629,-88.9815472,55117,Stockbridge-Munsee Community                                                          ,,1225,1992,           70100 ,               ,59.0,          ,477,WI,North Star Mohican Casino Resort
Bowler WI 54416                                    ,44.8629629,-88.9815472,55131,Stockbridge-Munsee Community                                                          ,,1225,1992,           70100 ,               ,59.0,          ,477,WI,North Star Mohican Casino Resort
Bowler WI 54416                                    ,44.8629629,-88.9815472,55077,Stockbridge-Munsee Community                                                          ,,1225,1992,           70100 ,               ,59.0,          ,477,WI,North Star Mohican Casino Resort
Riverton WY 82501                                  ,43.0247245,-108.380727,56035,Northern Arapaho Tribe of the Wind River Indian Reservation                           ,,800,2005,           45000 ,          2008 ,45.8, 116279678,478,WY,Wind River Casino
Riverton WY 82501                                  ,43.0247245,-108.380727,56043,Northern Arapaho Tribe of the Wind River Indian Reservation                           ,,800,2005,           45000 ,          2008 ,45.8, 116279678,478,WY,Wind River Casino
Riverton WY 82501                                  ,43.0247245,-108.380727,56003,Northern Arapaho Tribe of the Wind River Indian Reservation                           ,,800,2005,           45000 ,          2008 ,45.8, 116279678,478,WY,Wind River Casino
Riverton WY 82501                                  ,43.0247245,-108.380727,56019,Northern Arapaho Tribe of the Wind River Indian Reservation                           ,,800,2005,           45000 ,          2008 ,45.8, 116279678,478,WY,Wind River Casino
Riverton WY 82501                                  ,43.0247245,-108.380727,56007,Northern Arapaho Tribe of the Wind River Indian Reservation                           ,,800,2005,           45000 ,          2008 ,45.8, 116279678,478,WY,Wind River Casino
Riverton WY 82501                                  ,43.0247245,-108.380727,56037,Northern Arapaho Tribe of the Wind River Indian Reservation                           ,,800,2005,           45000 ,          2008 ,45.8, 116279678,478,WY,Wind River Casino
Riverton WY 82501                                  ,43.0247245,-108.380727,56029,Northern Arapaho Tribe of the Wind River Indian Reservation                           ,,800,2005,           45000 ,          2008 ,45.8, 116279678,478,WY,Wind River Casino
Riverton WY 82501                                  ,43.0247245,-108.380727,56017,Northern Arapaho Tribe of the Wind River Indian Reservation                           ,,800,2005,           45000 ,          2008 ,45.8, 116279678,478,WY,Wind River Casino
Riverton WY 82501                                  ,43.0247245,-108.380727,56025,Northern Arapaho Tribe of the Wind River Indian Reservation                           ,,800,2005,           45000 ,          2008 ,45.8, 116279678,478,WY,Wind River Casino
800 Blue Sky Hwy Ethete WY 82520                   ,43.04304019367094,-108.77512749890715,56035,Northern Arapaho Tribe of the Wind River Indian Reservation                           ,,168,2008,            1950 ,               ,23.0,          ,479,WY,Little Wind Casino
800 Blue Sky Hwy Ethete WY 82520                   ,43.04304019367094,-108.77512749890715,56039,Northern Arapaho Tribe of the Wind River Indian Reservation                           ,,168,2008,            1950 ,               ,23.0,          ,479,WY,Little Wind Casino
800 Blue Sky Hwy Ethete WY 82520                   ,43.04304019367094,-108.77512749890715,56043,Northern Arapaho Tribe of the Wind River Indian Reservation                           ,,168,2008,            1950 ,               ,23.0,          ,479,WY,Little Wind Casino
800 Blue Sky Hwy Ethete WY 82520                   ,43.04304019367094,-108.77512749890715,56003,Northern Arapaho Tribe of the Wind River Indian Reservation                           ,,168,2008,            1950 ,               ,23.0,          ,479,WY,Little Wind Casino
800 Blue Sky Hwy Ethete WY 82520                   ,43.04304019367094,-108.77512749890715,56007,Northern Arapaho Tribe of the Wind River Indian Reservation                           ,,168,2008,            1950 ,               ,23.0,          ,479,WY,Little Wind Casino
800 Blue Sky Hwy Ethete WY 82520                   ,43.04304019367094,-108.77512749890715,56037,Northern Arapaho Tribe of the Wind River Indian Reservation                           ,,168,2008,            1950 ,               ,23.0,          ,479,WY,Little Wind Casino
800 Blue Sky Hwy Ethete WY 82520                   ,43.04304019367094,-108.77512749890715,56029,Northern Arapaho Tribe of the Wind River Indian Reservation                           ,,168,2008,            1950 ,               ,23.0,          ,479,WY,Little Wind Casino
800 Blue Sky Hwy Ethete WY 82520                   ,43.04304019367094,-108.77512749890715,56017,Northern Arapaho Tribe of the Wind River Indian Reservation                           ,,168,2008,            1950 ,               ,23.0,          ,479,WY,Little Wind Casino
800 Blue Sky Hwy Ethete WY 82520                   ,43.04304019367094,-108.77512749890715,56025,Northern Arapaho Tribe of the Wind River Indian Reservation                           ,,168,2008,            1950 ,               ,23.0,          ,479,WY,Little Wind Casino
5690 US-287 Lander WY 82520                        ,42.8322093,-108.726744,56039,Shoshone Tribe of the Wind River Indian Reservation                                   ,,700,2007,                 ,          2016 ,20.4,  30000000,480,WY,Shoshone Rose Casino
5690 US-287 Lander WY 82520                        ,42.8322093,-108.726744,56043,Shoshone Tribe of the Wind River Indian Reservation                                   ,,700,2007,                 ,          2016 ,20.4,  30000000,480,WY,Shoshone Rose Casino
5690 US-287 Lander WY 82520                        ,42.8322093,-108.726744,56003,Shoshone Tribe of the Wind River Indian Reservation                                   ,,700,2007,                 ,          2016 ,20.4,  30000000,480,WY,Shoshone Rose Casino
5690 US-287 Lander WY 82520                        ,42.8322093,-108.726744,56007,Shoshone Tribe of the Wind River Indian Reservation                                   ,,700,2007,                 ,          2016 ,20.4,  30000000,480,WY,Shoshone Rose Casino
5690 US-287 Lander WY 82520                        ,42.8322093,-108.726744,56023,Shoshone Tribe of the Wind River Indian Reservation                                   ,,700,2007,                 ,          2016 ,20.4,  30000000,480,WY,Shoshone Rose Casino
5690 US-287 Lander WY 82520                        ,42.8322093,-108.726744,56037,Shoshone Tribe of the Wind River Indian Reservation                                   ,,700,2007,                 ,          2016 ,20.4,  30000000,480,WY,Shoshone Rose Casino
5690 US-287 Lander WY 82520                        ,42.8322093,-108.726744,56029,Shoshone Tribe of the Wind River Indian Reservation                                   ,,700,2007,                 ,          2016 ,20.4,  30000000,480,WY,Shoshone Rose Casino
5690 US-287 Lander WY 82520                        ,42.8322093,-108.726744,56017,Shoshone Tribe of the Wind River Indian Reservation                                   ,,700,2007,                 ,          2016 ,20.4,  30000000,480,WY,Shoshone Rose Casino
5690 US-287 Lander WY 82520                        ,42.8322093,-108.726744,56025,Shoshone Tribe of the Wind River Indian Reservation                                   ,,700,2007,                 ,          2016 ,20.4,  30000000,480,WY,Shoshone Rose Casino
